{
  "forward_thrust": 2.5083769741344795e-07,
  "yaw_rate": 4.901923449374124e-06,
  "pitch_rate": 0.0,
  "roll_rate": 0.0,
  "vertical_thrust": 1.0699999999985722e-05
}