{
  "forward_thrust": 5.184710980624087e-06,
  "yaw_rate": 3.5213051541305163e-06,
  "pitch_rate": 0.0,
  "roll_rate": 0.0,
  "vertical_thrust": 3.1000000006997652e-06
}