{
  "x": 113.516029,
  "y": 115.962044,
  "z": 15.000000,
  "vx": 0.001454,
  "vy": 0.001610,
  "vz": 0.000000,
  "roll": 0.000000,
  "pitch": 0.000000,
  "yaw": 0.686085
}