{
  "x": 241.828857,
  "y": 225.907532,
  "z": 89.999969,
  "vx": -0.000000,
  "vy": 0.000130,
  "vz": 0.000093,
  "roll": 0.000000,
  "pitch": 0.000000,
  "yaw": 6.283185
}