{
  "x": 189.462982,
  "y": 249.092850,
  "z": 10.000000,
  "vx": 0.001472,
  "vy": 0.000563,
  "vz": -0.000025,
  "roll": 0.000000,
  "pitch": 0.000000,
  "yaw": 1.623978
}