{
  "x": 961.388000,
  "y": 203.063889,
  "z": 89.999893,
  "vx": -0.001134,
  "vy": -0.000001,
  "vz": 0.000238,
  "roll": 0.000000,
  "pitch": 0.000000,
  "yaw": 4.712388
}