{
  "x": 222.178024,
  "y": 188.265106,
  "z": 89.634201,
  "vx": 0.003148,
  "vy": 0.000121,
  "vz": 0.135543,
  "roll": -0.000000,
  "pitch": 0.000000,
  "yaw": 1.570381
}